,comp1,comp2
0,26.708708,2.247937
1,-45.786755,-4.588778
2,-31.181446,20.742598
3,6.4071646,60.482708
4,-4.588078,19.509731
5,-30.775175,25.888794
6,-0.37855428,-39.175537
7,-8.596915,-1.4472375
8,-17.544538,-28.673544
9,30.32845,37.80357
10,-5.2093825,-43.85767
11,21.27951,-23.151836
12,-4.404721,-2.1104412
13,-43.35223,-2.0057652
14,-6.696733,1.3665944
15,1.8888113,-42.625294
16,-3.3067515,-2.5811582
17,35.955536,29.24837
18,-2.8719232,-9.2775345
19,24.719582,-28.936543
20,24.794775,6.92774
21,-0.38776174,-5.2981772
22,20.858921,-22.301836
23,-1.4811872,19.314041
24,28.962238,-28.878
25,-3.0079474,-7.666218
26,53.23355,2.5749223
27,53.722652,-1.741761
28,1.2131281,-45.68752
29,29.566368,4.6570425
30,-30.437311,25.190016
31,1.1063867,24.016012
32,-3.351253,-41.658897
33,-0.7178519,34.007
34,-1.4157372,-37.23867
35,2.3962812,24.740337
36,-3.6618474,-5.397099
37,23.60491,2.1342094
38,21.698898,-22.405
39,-25.39944,-24.302698
40,-50.596046,-2.6976047
41,6.8676333,61.93778
42,-8.084935,25.44901
43,-23.316881,-26.225948
44,-4.689703,-9.7221775
45,-6.184255,26.006903
46,-46.053173,-2.1865249
47,-47.78102,1.8515929
48,-22.75755,-25.208162
49,8.234803,59.7571
50,8.432735,57.66275
51,26.277857,5.831127
52,55.217,1.9537878
53,-34.013554,23.942738
54,30.67203,37.489014
55,-5.845289,20.206293
56,34.04247,-20.814646
57,-26.98435,-25.88235
58,35.90363,27.84528
59,25.577848,2.2271068
60,-2.9117715,34.253025
61,-2.688227,-0.8249813
62,51.832314,0.76939046
63,25.345219,5.3228273
64,-1.900786,18.9484
65,-2.2226279,33.387085
66,2.2270026,28.896757
67,-32.074776,21.716885
68,10.378463,60.28796
69,-51.842163,3.1527927
70,27.487404,-1.2700664
71,-5.1629443,-41.374744
72,-50.276142,-4.7191257
73,-7.911571,26.105583
74,18.708836,1.7594266
75,54.60567,-0.42254087
76,-2.8019073,29.744043
77,-43.031292,-2.7741005
78,-44.654,-4.9228697
79,-7.165022,3.0239809
80,34.81563,26.192173
81,-3.1949673,27.75527
82,-23.164146,-23.41815
83,35.67607,30.289074
84,-3.7347999,1.5530334
85,0.20436718,-39.271885
86,3.153178,25.984531
87,-1.1376821,31.94689
88,35.07859,31.253918
89,-3.4925296,32.433132
90,27.567953,3.1552796
91,-6.5887833,0.9668033
92,-46.599125,-3.2284148
93,30.813885,-16.577593
94,-43.311092,-5.6908507
95,25.91233,1.2816174
96,-44.88331,0.38491684
97,-23.976074,-52.73763
98,-5.111054,34.09788
99,25.869843,-1.4682665
100,-24.468124,-22.50561
101,25.717062,4.4037476
102,-11.077555,-6.6670694
103,34.706413,29.636747
104,27.109325,-0.8423385
105,-1.7778357,19.718794
106,1.1093998,30.49888
107,-4.099115,-7.042338
108,-2.3087506,-42.59866
109,-48.28435,-1.0203274
110,26.932465,-21.112413
111,55.00468,-2.873375
112,-22.315638,-50.95992
113,-2.516993,-4.660292
114,53.822903,-1.2016481
115,-34.239918,26.739456
116,-17.566551,-28.659569
117,-7.8559704,2.2005782
118,-0.35978013,-40.059742
119,1.5123296,-38.727272
120,24.206532,5.9568725
121,3.0857372,-45.405113
122,35.789898,28.309767
123,24.5388,-17.443419
124,0.38860285,30.972063
125,-24.220457,-29.644352
126,34.088165,27.950773
127,-7.728432,30.449087
128,27.019682,3.3599014
129,-5.5014095,-43.64457
130,-6.5522585,32.035892
131,30.457106,36.90011
132,-6.903754,3.105992
133,34.882465,27.064539
134,34.738087,28.634012
135,-7.352738,-9.143526
136,29.942984,37.705605
137,24.699812,-21.080286
138,26.969168,-21.969257
139,34.411808,28.505733
140,-49.998074,1.7714998
141,34.733036,29.177862
142,4.3929925,27.063803
143,-10.41052,-6.3331423
144,25.437397,1.6847359
145,-6.580121,24.953775
146,30.901857,-19.10968
147,23.30867,-17.81084
148,-49.89675,-4.2119713
149,-44.71449,-6.0989785
150,33.13951,28.356539
151,-45.46291,-5.9614606
152,-34.37712,25.270433
153,-42.91439,-5.2692876
154,2.7692702,25.137259
155,55.192265,1.877266
156,-23.748684,-53.10662
157,51.647957,2.4141324
158,2.1665452,-43.473705
159,-31.445648,25.497492
160,-4.24311,20.611729
161,27.592247,-0.22496694
162,-0.15817396,-41.51935
163,7.1922407,59.08583
164,28.633583,5.784008
165,-31.586126,21.425615
166,-3.7378864,-4.4280524
167,-30.585142,21.38786
168,55.198467,-0.53877515
169,-41.752777,-1.8534112
170,6.6400104,61.859062
171,-7.8648515,-3.808767
172,22.91046,-20.597664
173,24.313322,0.07500038
174,9.330855,60.315456
175,-51.75203,-4.537624
176,23.365248,-26.918888
177,-46.014736,1.3252286
178,-19.675644,-22.815178
179,4.6822696,61.735134
180,25.954456,1.4027715
181,-48.004135,3.4428093
182,27.291431,6.844269
183,28.030605,4.3388677
184,35.862576,26.227888
185,54.360893,0.20598835
186,25.429317,6.022196
187,-22.583214,-52.63593
188,-4.4854717,-12.260733
189,54.36521,-1.7295265
190,-3.7948217,28.942924
191,1.086613,28.906023
192,-3.6041882,19.728544
193,20.616055,-20.197254
194,-0.3433093,-40.648315
195,25.881216,-28.379972
196,24.329676,-25.93193
197,-24.035564,-26.863739
198,28.864248,-17.857756
199,9.566747,59.594498
200,-22.173132,-27.42301
201,29.42588,-25.671774
202,-3.0856395,-41.93648
203,-22.948837,-25.363262
204,24.402254,1.8301286
205,-23.155243,-50.759216
206,-2.8633144,26.674767
207,29.996134,-20.062222
208,-47.779034,2.5121465
209,-46.702732,3.3070343
210,37.13319,30.05144
211,24.875973,-0.37321728
212,29.924648,-14.840294
213,-48.268066,-2.5865266
214,-1.3174512,35.879898
215,1.5059646,-39.93395
216,54.275036,-0.15971845
217,36.808674,28.115072
218,0.6369522,-37.84317
219,2.181238,-42.383915
220,-48.87711,-0.83311343
221,-8.27742,22.409166
222,-32.85531,23.009295
223,35.367535,26.989561
224,-32.96156,21.151846
225,-6.4867587,21.437204
226,26.843267,-13.4174795
227,54.55582,0.58981144
228,-9.853658,-4.8716726
229,-9.387426,-3.281933
230,-5.804624,1.7434225
231,-7.8569603,-6.344311
232,-47.372375,0.054956127
233,30.86889,-20.551382
234,-6.008498,31.853453
235,-30.723322,27.011002
236,-32.291824,23.543415
237,32.386772,-21.382889
238,-31.198269,27.86961
239,5.6053486,60.306973
240,31.608522,-16.872873
241,-25.688232,-29.093298
242,-17.60117,-28.638412
243,-1.4842901,-41.23267
244,1.3955001,-39.712776
245,28.213144,-22.35235
246,-25.245296,-27.067703
247,-9.075449,-2.2278204
248,34.27873,28.20756
249,54.12753,0.45721644
250,33.927406,-23.051153
251,-42.70928,-4.826158
252,27.580992,-18.455181
253,27.379604,-17.710894
254,26.288376,-20.769604
255,-1.5750606,-5.8841834
256,-3.458229,17.401508
257,24.170149,-28.270012
258,-2.7891126,-6.248465
259,-9.334543,-4.3220105
260,30.25592,37.760025
261,-4.5809555,22.165802
262,28.52974,-25.08089
263,37.25016,29.928574
264,28.248573,5.8809443
265,29.97653,37.35507
266,22.797417,6.2730665
267,2.124832,27.270489
268,-5.0026217,-40.63407
269,30.602657,37.196556
270,-7.6920433,-3.9013045
271,25.696037,-20.14586
272,-0.115105316,27.240047
273,-7.7315254,-8.972899
274,22.988203,6.2676406
275,25.325474,-21.783339
276,-4.031163,-39.01273
277,-4.8062406,-1.0138607
278,2.7678907,29.382492
279,-8.285202,31.995064
280,-2.9434066,30.06647
281,-47.3166,1.5343345
282,-44.305958,0.8364946
283,-3.450855,-7.320223
284,28.168472,-28.073458
285,24.758526,3.8911648
286,-23.904684,-52.526093
287,-32.51813,26.665747
288,8.734315,60.0241
289,-25.06682,-27.351755
290,-22.931795,-24.296663
291,-3.3574312,23.440575
292,-45.788975,-1.1168671
293,-3.9287145,17.497282
294,-3.4232628,-5.7785583
295,-9.358645,-6.5904145
296,-1.0499436,-41.272224
297,28.743923,-25.442675
298,-46.087852,2.5322611
299,-3.9015014,24.590315
300,-3.2186275,22.18662
301,-47.48394,-5.7338986
302,28.83481,-16.907627
303,-4.076802,32.998024
304,-0.50036925,23.35296
305,-23.538506,-52.387596
306,26.661697,-24.770239
307,-21.115297,-24.998463
308,3.3343909,-43.822968
309,6.2517533,61.465355
310,26.496124,-16.100979
311,54.89773,-1.8141236
312,-4.016635,28.658613
313,26.59017,0.8473045
314,24.96666,-17.518667
315,-51.019913,-3.8408492
316,21.687628,-22.198975
317,24.076918,-26.626434
318,8.115098,60.009438
319,-6.156327,-0.44694713
320,52.201656,2.071111
321,21.887482,3.3329208
322,-46.545387,-1.2959882
323,29.046314,-19.336805
324,24.461613,-16.922062
325,35.885803,28.653414
326,22.31629,6.601693
327,-32.324867,25.056404
328,-43.164124,-2.238191
329,26.190355,-23.096739
330,-2.3407722,18.291674
331,3.3538628,21.600359
332,-3.6640043,-2.3781118
333,56.403652,-3.1085978
334,-22.900593,-24.609482
335,-0.261369,-40.296535
336,53.264545,1.5287572
337,-4.385952,25.26503
338,-1.1319094,31.63965
339,-2.8840833,19.71279
340,-24.915375,-51.57387
341,-3.7439697,26.84023
342,24.112394,4.7047014
343,-8.477032,-10.499316
344,54.348648,1.860048
345,25.242111,-16.375246
346,-5.8456106,33.172443
347,32.932594,29.24709
348,9.429917,59.405094
349,8.1587,20.903227
350,-2.7331266,-42.681072
351,25.84409,-28.814863
352,27.271492,-1.9588704
353,23.20699,-20.239305
354,-0.4748509,28.615335
355,-1.537646,27.264896
356,-3.6902943,-39.18395
357,-24.153957,-24.464312
358,-24.176785,-24.92536
359,-31.45154,21.264002
360,29.80098,-21.364578
361,-8.448887,28.967625
362,-48.099945,-4.2709737
363,-5.0964837,36.14773
364,-2.295037,-1.3359094
365,-3.7828348,24.212969
366,-0.7911071,21.979713
367,24.141348,3.9699273
368,-42.319206,-5.0431004
369,1.0770721,27.480291
370,-50.898647,-0.60258067
371,-7.696817,-3.446324
372,-7.102974,2.2940257
373,-3.866852,25.128218
374,-6.3368454,26.893835
375,-10.658546,-6.52555
376,-23.792448,-50.812664
377,-32.89763,22.850996
378,43.459503,24.218859
379,-6.868755,23.719242
380,-6.3457046,0.43725455
381,43.515114,24.19614
382,-5.427618,32.39483
383,-48.388313,2.8816607
384,-49.12959,0.30190215
385,2.5093412,21.446213
386,4.1024475,25.188208
387,-23.624836,-51.91405
388,26.116716,-22.191633
389,2.8402905,28.617052
390,27.037796,-22.125568
391,-50.072433,-3.7657378
392,-24.82438,-27.367115
393,-1.5568931,19.010212
394,28.120872,-23.880215
395,-49.363586,-4.3046675
396,-7.2370973,-5.0101733
397,-34.951977,26.514303
398,-31.278154,23.395536
399,24.558268,8.893506
400,29.967684,-27.772356
401,7.2033167,61.161835
402,27.98877,-20.388428
403,1.3594348,28.437624
404,21.836744,-24.172895
405,-50.7291,3.0446498
406,23.730751,3.8736606
407,-8.874936,-8.118637
408,-22.767546,-27.320192
409,29.974392,-23.946665
410,-8.386806,-3.021907
411,-46.747566,-1.5841677
412,4.1924605,24.818396
413,0.20323132,28.142921
414,9.078653,59.416245
415,23.569113,0.21240662
416,34.02724,30.345016
417,-22.452238,-52.323254
418,-49.121384,-1.0395954
419,29.176838,-24.396372
420,-6.483411,0.22927707
421,-0.86741424,-40.88783
422,-3.6961808,22.152916
423,34.081566,29.669994
424,-17.601862,-28.635138
425,-5.053774,-10.363572
426,52.574825,1.4084551
427,26.048906,-27.149267
428,0.29071102,-44.66259
429,21.366838,-22.30864
430,-44.27692,-4.846866
431,-34.41249,23.70766
432,5.047666,61.350346
433,-23.718859,-52.27394
434,30.626396,-17.191473
435,-5.5477457,-9.331617
436,35.33092,28.189226
437,-6.213988,33.231422
438,24.456388,-20.89127
439,-3.6028101,-9.183925
440,30.750196,37.44698
441,32.10069,-23.987938
442,0.60047495,26.579723
443,26.135332,6.2547207
444,19.991148,-20.460314
445,-22.735933,-52.69468
446,30.524956,-16.852318
447,27.983778,-25.861612
448,-7.1234684,-6.4409976
449,28.302645,-0.92381394
450,-6.014538,1.6822103
451,-4.2296777,1.4285228
452,-6.4824204,-40.348442
453,-52.710884,0.21166362
454,32.43911,-20.052162
455,-8.980443,1.1934948
456,-5.361306,28.217682
457,24.900877,5.639108
458,1.961187,30.893864
459,53.313118,-0.7730007
460,21.755045,-20.080334
461,34.81061,30.884672
462,26.106974,3.2127285
463,-4.0094223,17.027504
464,31.300062,-16.754854
465,34.48604,29.60606
466,30.061789,37.232616
467,6.9534826,61.650036
468,20.526209,4.687264
469,32.19214,-19.01524
470,-32.01905,21.21395
471,-1.3695303,33.141754
472,-5.021448,32.40637
473,7.163713,21.734344
474,-44.669903,-1.3525033
475,1.100731,26.08649
476,43.344414,24.17459
477,-45.50718,-5.113474
478,36.039898,27.31568
479,35.420685,30.067472
480,-4.1212416,-2.4941976
481,2.1768317,25.4294
482,1.4023741,27.56424
483,-7.482591,-10.930025
484,-9.441618,-4.59194
485,-24.17737,-24.623415
486,29.044579,-15.357441
487,-3.864645,19.26427
488,-3.1030622,21.97812
489,34.108658,-23.499048
490,-3.8678813,-40.542152
491,-0.048224494,-8.954862
492,31.480228,-18.070892
493,23.7918,-24.928953
494,-20.891468,-23.091251
495,28.285686,-20.082373
496,-2.218075,27.884546
497,-5.200617,0.47355735
498,-3.5802016,-6.1590447
499,9.046232,61.184944
500,26.093882,2.259326
501,-3.0068073,34.13396
502,30.996128,-24.178139
503,-0.95474744,-39.038048
504,-24.08934,-52.382946
505,-6.1132426,-1.7993158
506,-6.621426,-0.16283067
507,-2.4597838,-41.821335
508,28.978125,-27.081604
509,26.910116,-19.536734
510,-50.903416,-2.8572085
511,-50.72199,0.22420189
512,-2.9935062,15.481683
513,-0.5844591,22.157673
514,31.634394,-24.495222
515,-51.864323,-1.1416968
516,-2.264105,26.478233
517,-6.3975334,21.361248
518,-2.963949,15.804844
519,26.304771,-14.725254
520,1.7717999,33.344444
521,-48.395473,-4.21233
522,-51.0868,1.4427441
523,23.87198,-19.78108
524,-5.2939034,-5.0087304
525,-5.003703,-2.0898623
526,-3.7767153,-11.924641
527,-0.30734822,-45.081608
528,-3.1410365,-5.1048117
529,-5.7756677,-5.9629354
530,-7.9708276,-8.42528
531,-1.7713357,19.885809
532,0.73711723,27.927734
533,-47.340862,-3.145811
534,-26.454947,-26.97578
535,-1.2180368,18.203642
536,-0.014384131,29.583548
537,28.481285,-18.060455
538,-0.49347863,-45.799477
539,5.517371,59.597687
540,-33.106018,21.121355
541,-22.996098,-26.56421
542,-46.617012,1.4981449
543,-41.879555,-1.673555
544,7.5994573,59.00744
545,-6.140745,-9.820579
546,-5.9411483,27.559305
547,7.411234,59.65114
548,-22.060427,-26.881325
549,-22.741722,-51.8315
550,0.29788232,26.53413
551,-31.220219,26.561594
552,7.12669,21.755615
553,-41.678043,-1.705412
554,31.646494,-23.250534
555,-1.5967358,22.073793
556,-5.343001,24.78111
557,23.50099,3.514332
558,-51.144054,2.2607555
559,-27.139942,-23.808947
560,27.100048,4.67438
561,-1.4578614,34.128326
562,24.48045,-18.324953
563,54.0605,1.6148713
564,-2.1807508,-37.61122
565,26.576086,1.6473664
566,-2.9518223,33.83582
567,-5.0664835,-9.803876
568,-2.412384,31.045609
569,29.689907,-22.073463
570,-7.538113,32.685635
571,30.381714,-23.613008
572,-2.5354042,-38.480495
573,-48.36859,-1.2511817
574,-2.997393,16.756783
575,23.032673,0.8043125
576,-5.05718,-2.1017988
577,26.68501,-17.639051
578,37.283264,30.199568
579,-48.20741,2.652112
580,26.902372,-17.482414
581,-32.10401,26.970213
582,-6.359519,32.424496
583,30.026192,37.64052
584,22.911482,1.2939044
585,-4.5548625,24.643103
586,-25.32326,-27.827286
587,36.78153,27.949337
588,-22.363443,-24.990017
589,26.182283,1.6455189
590,-50.66007,-2.0110533
591,3.0383306,29.330957
592,-6.0885777,-7.7268386
593,1.7437067,32.29559
594,-2.329706,27.124731
595,0.47240764,32.15352
596,31.10968,-21.916664
597,-0.44811416,25.727118
598,-23.164442,-51.73963
599,34.047546,28.672707
600,43.187088,23.889944
601,55.011475,-0.17158565
602,7.4179606,60.205055
603,-24.737946,-26.591217
604,53.405643,1.4067235
605,-6.6223145,-5.165129
606,-6.7123156,0.6411823
607,30.01751,37.548454
608,37.20673,31.049871
609,52.945507,0.9441619
610,-7.4087777,1.129718
611,2.374101,-42.276142
612,-9.483659,-0.561571
613,-3.3226707,31.164188
614,-31.387732,26.052374
615,-6.2582636,31.571709
616,33.080956,-20.276442
617,-19.858053,-23.146467
618,-43.344612,-2.6018841
619,-25.078485,-29.447807
620,1.3762832,-39.20065
621,-23.291986,-52.897602
622,54.328686,1.6324006
623,28.213783,-0.48392642
624,-3.9526026,-42.291824
625,-4.545929,-10.59377
626,8.141482,20.887651
627,25.642412,-17.103338
628,24.047136,-21.963425
629,-8.909189,-10.7811575
630,-45.46019,-1.6158236
631,-9.169547,-1.1366956
632,-33.68904,21.307957
633,19.93422,4.1229863
634,-3.582993,-43.23085
635,-43.757534,-3.4118533
636,43.699303,23.979097
637,-4.0404005,26.110674
638,-4.777471,-42.71733
639,29.032532,-23.883566
640,-25.011179,-26.409142
641,-0.26904014,26.518124
642,20.46172,-23.607407
643,27.263248,-27.343971
644,29.537394,4.9831166
645,19.899944,3.6331685
646,0.44642544,-38.681347
647,-33.820747,24.865532
648,-2.2347887,-0.93437517
649,53.523808,2.2996051
650,26.361628,-25.418703
651,24.038534,-23.611174
652,33.212307,-23.065613
653,-9.448987,-1.4016583
654,-6.6414695,-6.8281326
655,-22.882078,-51.529167
656,0.3723648,-40.47194
657,-4.9560037,-9.847615
658,-47.10858,0.8120893
659,-42.821934,-0.7195159
660,2.7293687,30.74629
661,0.22330827,-39.7744
662,-2.0560575,-39.416294
663,26.043993,0.2008693
664,56.295444,-3.4275286
665,-0.90661716,34.006454
666,-4.2226152,-1.7156472
667,-53.278214,-2.0741532
668,0.34138912,-40.680164
669,26.538244,-23.187838
670,28.085457,-21.233538
671,5.038504,60.20538
672,28.889017,1.6157945
673,-4.67888,26.06332
674,-2.5839362,28.307177
675,-23.508062,-26.096064
676,-6.903756,3.0059993
677,-1.3678008,-10.514348
678,23.447046,-0.2619489
679,-5.490163,30.74131
680,-5.1397133,20.552889
681,26.712183,-24.048145
682,-3.6754103,-9.564281
683,28.243362,5.832191
684,24.913263,-20.097097
685,35.011963,28.945456
686,-22.43632,-23.38776
687,24.473913,4.7353024
688,-4.3787613,22.68467
689,23.640234,3.2972896
690,35.97238,28.21615
691,-31.664354,21.575794
692,0.5827365,-38.668667
693,2.6692097,-43.77697
694,0.20851576,27.419315
695,24.852861,3.2758336
696,34.908882,27.738182
697,26.30482,-20.851154
698,7.0726695,60.267597
699,-3.5959191,-37.508873
700,22.344627,-25.742487
701,1.6490824,-40.737103
702,-1.2614453,26.134415
703,-2.8615248,-40.95936
704,29.775066,-28.709675
705,-4.845839,-41.52866
706,-0.602463,-43.112873
707,-9.613884,-8.815187
708,26.324442,-25.896994
709,-25.449877,-25.780529
710,53.65947,2.1843593
711,23.676529,-23.472614
712,5.288381,59.76847
713,-3.0512974,-40.113556
714,55.565308,-2.871099
715,-34.651302,21.53711
716,2.1296062,-45.346775
717,25.096558,-24.60329
718,31.22697,-26.044777
719,-23.414675,-52.759705
720,26.33873,2.1728094
721,-33.31857,25.115158
722,34.096222,-20.860067
723,-22.918283,-51.37028
724,-7.159082,-10.178003
725,-17.595766,-28.641119
726,8.672585,59.69225
727,-6.4538093,28.93491
728,-3.3572726,-5.501941
729,-2.52345,27.851301
730,-17.595354,-28.641777
731,-51.50044,0.35940048
732,-8.897812,-4.4285626
733,-23.546835,-51.232258
734,-49.820404,0.8486003
735,1.335373,31.647915
736,-3.8566318,35.090755
737,1.269254,29.004911
738,-1.4355607,-37.476517
739,3.076709,21.670515
740,18.703459,1.751636
741,53.086384,-0.9564427
742,27.858555,-24.57598
743,-6.4242773,-7.0479217
744,-31.978205,25.532427
745,-44.27281,-3.8931365
746,-31.462317,22.279337
747,-35.330532,24.200325
748,27.014275,4.4839935
749,-6.861674,-7.691283
750,-47.318832,-3.999879
751,-5.273042,18.70496
752,54.29552,-1.2277626
753,4.133905,28.288382
754,-4.2838006,35.7817
755,-31.033834,25.49486
756,-3.8873372,29.70364
757,1.8087202,22.36412
758,-23.66622,-26.389605
759,-23.086496,-52.62242
760,28.492073,-28.589813
761,23.421402,3.044146
762,28.628036,-19.568708
763,-2.0094688,25.3684
764,31.914928,-25.01194
765,-3.8328168,-0.5942698
766,-8.067945,-7.97511
767,30.690268,37.10171
768,-2.5403938,-9.055044
769,-1.7664539,-7.5574374
770,-46.63867,0.039425895
771,24.00988,-23.497894
772,-7.423421,-11.0139
773,-50.266876,-4.263986
774,-5.984434,-5.8039207
775,-2.8283665,-10.044497
776,-4.137124,-3.221645
777,0.38832408,27.13436
778,-47.17882,-3.654885
779,-42.990547,0.2673071
780,-49.040516,-2.3227503
781,-9.561359,-6.2223496
782,4.4908805,24.968391
783,20.58744,-20.448824
784,-6.1612024,-8.001599
785,22.228897,-27.028944
786,-4.138676,35.99235
787,-5.3658533,-8.038084
788,8.188818,59.63661
789,-2.1819394,17.659172
790,26.861563,-27.786861
791,-24.196537,-25.826633
792,-22.408926,-52.018135
793,-6.464511,31.926805
794,25.764603,0.60707814
795,-9.417434,-6.6635947
796,54.152378,1.4450276
797,33.65696,-23.112047
798,-24.196428,-52.469353
799,-4.3515773,34.217182
800,-32.523624,27.896389
801,-24.600916,-51.087784
802,-33.11541,24.795902
803,1.9019375,-43.288486
804,53.529068,-2.172957
805,-2.3532708,-6.097508
806,-3.1986241,-38.19411
807,55.818584,-1.4383812
808,21.691362,1.8755641
809,-8.936019,1.2130692
810,2.7579777,28.222578
811,-24.613758,-27.90302
812,-23.241459,-24.287878
813,22.977371,6.169282
814,-32.959045,25.649559
815,24.729074,-24.337471
816,-47.522835,3.3147316
817,24.957472,1.2037491
818,-4.9656177,25.92501
819,24.832396,-25.36899
820,54.364964,1.6052935
821,5.7174478,59.05478
822,-23.539051,-22.458372
823,-49.768707,1.1041425
824,-51.33718,0.31392404
825,26.989603,7.9886794
826,-31.690308,20.23106
827,27.356298,-24.195642
828,-4.9871736,-41.69254
829,0.6319811,28.50651
830,-30.235516,21.420935
831,-0.72200197,-42.38955
832,30.564102,37.10433
833,54.037575,-1.6929458
834,-5.6868076,-1.4005144
835,30.028114,37.16809
836,30.239656,37.067772
837,-1.7824454,-8.648494
838,-43.22075,0.35932124
839,24.110361,-21.000902
840,35.070324,28.099155
841,-5.152085,33.791817
842,-4.2365704,-11.064901
843,27.050653,-25.144588
844,30.572977,-16.135975
845,2.0255857,-45.675392
846,-31.415688,23.479832
847,26.245329,-23.04387
848,-0.22759911,-44.325447
849,-1.6145248,-8.302632
850,24.907066,5.4865694
851,-2.393899,24.991072
852,5.543831,61.814964
853,6.8105187,59.670765
854,25.618185,-0.6719273
855,-43.372684,-5.3936963
856,-50.95831,-0.5975701
857,0.07878817,-45.7303
858,-21.741463,-22.378925
859,-1.8110303,26.400238
860,1.4784275,25.41167
861,54.394394,1.069124
862,43.208076,23.81425
863,-50.24029,-0.6003566
864,-51.75594,-3.348525
865,-49.34997,2.8641322
866,26.942469,-18.013247
867,-23.727072,-27.573421
868,-30.627592,22.839865
869,-33.58907,23.481306
870,-33.672054,22.479334
871,-3.6962833,-11.052851
872,-24.681992,-28.523043
873,-2.2619631,-9.606914
874,53.39705,-0.07108986
875,-4.7856164,-5.446791
876,30.947397,-20.386827
877,31.148088,-20.326918
878,-0.4292565,-43.609898
879,-1.439046,22.683
880,-8.382083,-5.085957
881,-3.4382944,-8.0191345
882,6.278901,58.554913
883,55.80211,-2.35552
884,23.340652,3.147586
885,24.496998,6.617777
886,-5.7797217,0.035903193
887,28.179499,3.9193695
888,52.54534,1.8514204
889,-51.256447,-3.3554585
890,23.991,3.7850082
891,28.6734,-27.567421
892,-6.878597,-1.6999522
893,-4.033988,27.426311
894,-2.4815216,26.517872
895,26.110674,5.5187845
896,3.1291049,29.01329
897,3.410192,28.842957
898,-5.1901207,25.512253
899,-1.4118214,26.345161
900,-23.109995,-51.86663
901,7.565435,62.119728
902,-2.8734205,16.700087
903,0.9213425,-40.69027
904,30.46054,37.68542
905,-3.267008,28.372482
906,-48.3886,0.82906604
907,-3.6501467,-38.436386
908,35.277775,27.49477
909,27.388515,-29.827
910,24.228664,2.715677
911,7.9372416,59.90429
912,30.606365,37.609715
913,-3.79685,23.473537
914,-4.9730973,30.492924
915,30.277088,37.04661
916,-33.024017,27.603935
917,-6.1530023,23.840805
918,27.063555,-0.99894774
919,-8.124916,-3.3811631
920,35.258865,28.768486
921,3.2419076,-43.691547
922,-3.533127,-11.647418
923,-48.365776,-2.0596666
924,-42.122227,-5.4989767
925,-4.607852,-4.0372295
926,-1.8225558,31.544216
927,-34.03703,24.701126
928,-25.526657,-24.6258
929,-8.182207,29.798698
930,0.5014684,28.090927
931,0.13125788,30.275776
932,-1.179148,-10.208253
933,-3.0360234,-5.521755
934,4.3758483,62.276543
935,56.43767,-2.6491578
936,-2.3572443,17.254383
937,31.850302,-23.153343
938,31.21579,-26.003399
939,1.0558039,-44.198467
940,21.809864,5.6493273
941,-51.40015,-1.4765613
942,-32.812855,26.498384
943,32.029564,-20.244106
944,-50.400547,1.5288205
945,1.852177,22.439552
946,-8.002089,-10.743324
947,34.065,26.901127
948,-8.852819,-8.154358
949,29.866426,-28.091312
950,-4.712964,-7.7045865
951,-20.211601,-23.905983
952,-34.03522,26.528576
953,6.4870186,60.53815
954,-52.28774,-2.1602387
955,25.52195,-27.554276
956,-48.931244,-2.2479563
957,-48.71231,-3.2484598
958,-23.255888,-52.175064
959,27.785639,-22.916536
960,-45.48501,-2.6863985
961,-31.19824,26.579432
962,25.740387,8.04065
963,-9.231367,-9.751375
964,27.453278,-29.004667
965,23.42236,6.8266444
966,25.280014,-28.811474
967,9.601299,59.266674
968,25.520506,0.70285755
969,30.228352,-22.779894
970,-31.856895,24.178976
971,-4.6666684,29.113333
972,-50.944534,0.04647238
973,33.108494,-23.292408
974,-8.441081,-0.6858369
975,-8.466941,-9.43434
976,35.90923,28.370398
977,-4.1538625,-2.3367572
978,25.848402,-26.291782
979,1.279274,-43.737972
980,-6.358369,33.19993
981,9.552906,59.199535
982,-22.262417,-26.616983
983,21.205984,-19.573957
984,26.211884,-28.949974
985,-1.0010265,29.799776
986,52.279503,2.5345433
987,-4.468166,32.79532
988,2.3227744,26.186214
989,55.568638,0.06025552
990,30.416588,0.91333026
991,-49.528778,-4.794092
992,-43.623653,-4.197533
993,30.566391,37.05188
994,28.330465,1.2754995
995,25.479246,3.659759
996,29.305151,6.4358354
997,-24.555895,-23.658533
998,25.343317,6.1117315
999,6.394936,61.418022
1000,27.54434,-1.8606386
1001,5.880902,62.195232
1002,-52.83663,-1.163527
1003,-23.151587,-25.691183
1004,26.072384,-0.13137522
1005,-44.65472,1.7919706
1006,18.70692,1.754769
1007,35.233322,28.46388
1008,-7.9796453,-9.282049
1009,35.145214,30.549797
1010,-2.4694245,26.350416
1011,34.705177,28.264273
1012,-50.196987,-0.14312674
1013,27.075676,-21.684238
1014,23.192944,-23.062988
1015,-22.956198,-28.633432
1016,-5.723545,35.198742
1017,-6.4297028,-4.440784
1018,-0.32026857,28.675667
1019,-51.615444,-0.40402803
1020,-2.3156781,-44.16461
1021,4.3221927,60.267803
1022,-46.47574,3.1112516
1023,29.274126,-21.434746
1024,23.420042,-23.460657
1025,-4.393742,-41.057972
1026,-5.658573,18.802221
1027,30.893082,-28.370945
1028,22.826578,2.7150888
1029,26.723623,-20.263937
1030,26.477928,-19.280428
1031,33.781265,29.729206
1032,0.938959,-42.04232
1033,25.367249,-18.400166
1034,-24.597576,-28.928331
1035,28.971794,6.9784813
1036,54.522236,0.9193642
1037,27.440748,-23.315477
1038,-6.2693143,-2.636728
1039,-6.858758,31.308027
1040,-4.334531,36.01118
1041,-45.731606,-4.28725
1042,-31.245722,27.815434
1043,32.258762,-20.67236
1044,26.519953,0.8848107
1045,27.072279,-1.9758589
1046,-51.059006,-3.451502
1047,-6.802754,-4.827547
1048,-3.509059,-40.76868
1049,-50.511475,-3.9912288
1050,27.906372,-2.6770089
1051,25.07397,-17.394514
1052,-6.215054,30.515368
1053,-5.5284667,24.768192
1054,-1.7701504,31.436579
1055,-6.6124773,-13.543733
1056,-6.765998,29.951239
1057,-4.5788016,22.483704
1058,52.836956,2.1385372
1059,-34.671642,25.67252
1060,-3.1013134,17.32866
1061,56.352127,-2.555173
1062,-23.01581,-51.477943
1063,-1.6353812,24.52496
1064,-8.303541,-1.0158913
1065,-33.193142,24.365686
1066,23.903654,3.882243
1067,26.380768,-1.4647317
1068,-45.790073,1.5953923
1069,29.360714,3.1088135
1070,-33.134624,22.650188
1071,5.3539457,60.081196
1072,-32.179756,21.447517
1073,36.601524,27.976366
1074,-1.893898,20.346928
1075,-7.2013903,30.205517
1076,-5.191408,-5.2660923
1077,-3.3327832,-44.90907
1078,-48.143375,0.10137977
1079,-24.782358,-27.951136
1080,-5.0175357,19.340052
1081,3.3492048,-43.093845
1082,-2.847908,23.336199
1083,-34.86925,24.24568
1084,-47.71146,1.7252475
1085,30.110918,37.059193
1086,29.780298,-18.72677
1087,30.621517,-18.393461
1088,23.485628,5.3613906
1089,3.3903956,29.77575
1090,-52.582115,-1.1442902
1091,2.3916614,-43.3641
1092,29.311306,-14.994737
1093,24.430498,0.57422966
1094,-3.8967638,23.302881
1095,-1.9710437,-38.53202
1096,22.888577,-18.835642
1097,-24.345293,-24.274261
1098,-1.2832657,-37.847404
1099,-3.3777306,24.906233
1100,1.9265877,32.643143
1101,27.642347,-18.71167
1102,-3.8608801,28.201715
1103,-8.74037,-2.4318275
1104,54.94178,-1.7710205
1105,26.415922,-20.323732
1106,28.208849,6.8403974
1107,-46.640045,-4.723426
1108,2.4147227,-40.59169
1109,21.441254,-20.726463
1110,34.52054,27.16506
1111,34.036926,26.98514
1112,29.201565,7.253182
1113,-8.411514,22.431108
1114,8.279604,59.506496
1115,-20.827564,-23.609184
1116,-47.112045,-3.8706818
1117,29.382936,-19.90829
1118,-26.513477,-26.344292
1119,23.892181,-28.239052
1120,27.447878,0.8349663
1121,29.562786,-15.2518635
1122,-4.392916,34.260456
1123,37.36849,29.630169
1124,33.84503,28.297852
1125,8.41033,59.998726
1126,28.431072,-0.13121404
1127,21.947226,-24.829273
1128,-21.491312,-23.019842
1129,-32.118153,22.79682
1130,-21.093718,-25.146072
1131,-48.438408,1.4005804
1132,-3.2939694,-41.330566
1133,25.51623,-22.726631
1134,8.061182,60.34043
1135,-23.869545,-29.088726
1136,24.51521,2.359746
1137,-9.290648,-10.412856
1138,-6.3871827,-8.754227
1139,26.295006,8.387713
1140,24.558376,2.6127925
1141,-46.666416,2.3525782
1142,27.154736,1.6690589
1143,34.287704,29.232159
1144,-24.127869,-51.741592
1145,-4.5560207,-8.51348
1146,30.619207,37.643585
1147,-47.678383,1.242382
1148,43.647175,24.02082
1149,52.279892,1.6834706
1150,-2.9151042,-43.724926
1151,-22.057903,-23.613913
1152,-3.8150733,-38.759052
1153,36.121696,29.40007
1154,-4.0104175,-3.5174084
1155,36.023846,30.184813
1156,32.27042,-20.81761
1157,33.5202,28.191593
1158,-5.3236856,19.58078
1159,32.964577,-23.843826
1160,-6.171738,-42.678196
1161,-23.72915,-23.65096
1162,-2.2424777,-3.16369
1163,-34.7661,24.991888
1164,-23.607948,-51.394783
1165,-21.643904,-23.440702
1166,53.419666,-1.5441155
1167,-41.83831,-3.6271749
1168,53.69429,-0.0592567
1169,-6.163014,31.530094
1170,-22.58605,-23.898779
1171,25.043028,-23.888199
1172,30.22018,37.750538
1173,3.7925696,26.525972
1174,-8.419797,31.552423
1175,22.620073,-24.687574
1176,33.580997,29.151363
1177,-22.070108,-26.226469
1178,5.253592,62.577507
1179,30.745314,37.496773
1180,28.19071,-23.650005
1181,56.49039,-3.3240154
1182,-5.806675,-40.72932
1183,26.383696,-16.792871
1184,34.4217,27.910095
1185,-34.748627,26.793755
1186,2.3797653,28.651014
1187,-24.320452,-25.00302
1188,20.697117,6.417837
1189,-45.69204,-1.464162
1190,-22.70092,-24.609123
1191,1.9381763,-45.690147
1192,-0.90658265,26.54369
1193,52.50034,0.5021618
1194,-6.272122,27.940153
1195,35.627323,29.056313
1196,-5.9491453,32.06973
1197,-3.8748014,31.700241
1198,-22.761728,-23.284786
1199,-4.3598104,23.004997
1200,23.23686,0.7193646
1201,1.3352963,-45.33796
1202,-22.810635,-26.713182
1203,22.890032,-27.676546
1204,2.1326334,-44.04818
1205,-5.1634316,23.398375
1206,25.105513,3.7174075
1207,-5.061578,-43.815613
1208,28.364838,-22.581497
1209,-51.162262,-1.7605526
1210,-51.206764,-2.6792815
1211,24.00639,3.878528
1212,-9.174618,-3.0555427
1213,53.3774,1.839083
1214,-33.23755,22.493456
1215,25.396053,-23.727507
1216,-7.643052,32.72555
1217,-0.33931756,-43.400898
1218,-2.8803911,-3.9407685
1219,25.752968,4.1159015
1220,26.33944,1.9661111
1221,-5.435695,-43.197887
1222,25.99904,0.882422
1223,34.130493,-22.874563
1224,21.523302,-23.347322
1225,-2.1621058,35.680264
1226,-23.978678,-24.188704
1227,-51.61705,-4.6022587
1228,-0.58825684,19.30189
1229,-0.57253945,-44.53544
1230,29.63588,-14.544951
1231,-47.161842,-2.953771
1232,53.868107,-1.7075344
1233,-43.48652,-3.3636699
1234,28.513721,7.242695
1235,-0.67621267,-39.19933
1236,-1.3962351,-42.83412
1237,-2.8415594,-6.316833
1238,-2.4946048,16.83466
1239,-8.188687,-8.796955
1240,26.837955,1.0120637
1241,28.34276,-28.62338
1242,-49.59533,-2.4770136
1243,-22.126932,-25.569626
1244,26.649185,-0.105669655
1245,-0.097869664,29.793583
1246,-2.944269,27.98073
1247,-7.842657,-0.49850547
1248,55.56683,0.8750906
1249,54.93535,-0.1766155
1250,-4.8235927,0.26585656
1251,-32.180992,24.381487
1252,7.5032053,62.56292
1253,-6.6294723,29.370323
1254,-1.3403584,25.245005
1255,26.196857,1.044446
1256,4.269056,28.519833
1257,-1.2321187,34.6124
1258,-3.8460693,-43.45004
1259,-31.724558,25.229044
1260,-0.2326133,30.244877
1261,-0.5754364,-42.625683
1262,-6.6567473,0.20028383
1263,29.340109,-15.466026
1264,-23.726707,-52.244106
1265,31.034424,-17.492117
1266,23.796638,-19.808723
1267,30.47976,37.104275
1268,30.763203,-25.516872
1269,-6.8069396,25.567745
1270,-51.0495,-0.44859603
1271,4.6130753,62.20259
1272,-0.43046525,-42.172676
1273,-1.4751847,-44.19276
1274,26.972246,-27.964048
1275,-33.344284,24.850927
1276,7.393771,57.920856
1277,-26.286375,-26.745232
1278,25.150967,9.054418
1279,-22.417788,-23.18372
1280,-6.9869547,-2.3023171
1281,27.563866,-29.727951
1282,32.837856,-19.85899
1283,22.658398,6.175143
1284,-32.522106,25.225582
1285,-0.3109328,-9.04055
1286,-43.168556,-4.7521615
1287,53.46758,1.6703917
1288,-51.24307,2.361312
1289,-4.5425396,36.148376
1290,7.592675,57.96925
1291,7.614777,59.671284
1292,-7.2313256,-3.6787136
1293,27.679188,0.4732993
1294,-5.1824102,30.57672
1295,-48.042164,-4.392278
1296,-3.3903408,-1.2556016
1297,6.960683,61.646313
1298,32.689552,-20.568457
1299,-32.719753,22.014938
1300,-4.2303963,34.465683
1301,26.936987,-25.11179
1302,1.7081186,23.330965
1303,54.64472,-1.8696022
1304,-3.5524037,-36.502888
1305,0.9974618,-44.17321
1306,21.291214,-22.292692
1307,-1.345759,-39.346607
1308,-3.5125117,-36.437786
1309,1.1564976,-43.927116
1310,-30.111546,26.185152
1311,1.8642316,22.095064
1312,4.646475,62.64782
1313,-7.0274563,29.565662
1314,-47.284004,1.175066
1315,-0.7087642,29.935291
1316,0.5141325,-39.713192
1317,-1.1885804,-37.875046
1318,24.177559,-22.799706
1319,27.453972,-23.454592
1320,-4.023538,-4.72996
1321,26.760548,-24.603695
1322,-5.8018584,-4.0406547
1323,-1.665892,27.937538
1324,7.8697476,59.538357
1325,26.924194,0.29262435
1326,53.18639,1.8457867
1327,-24.20786,-23.409174
1328,-2.319425,-7.7654567
1329,29.289612,4.5228405
1330,43.684265,23.807943
1331,-4.6174283,-2.612428
1332,1.4978156,26.358076
1333,-3.5976624,18.741486
1334,-7.7227025,-9.696304
1335,28.888975,3.378861
1336,9.247819,60.78133
1337,-6.427732,34.610336
1338,-3.5505347,18.131668
1339,22.309935,5.9914765
1340,26.755888,3.945863
1341,-2.2353756,30.989317
1342,1.3546234,27.441309
1343,-52.505398,-2.5693762
1344,-3.63275,31.691654
1345,1.8822178,26.41782
1346,7.9255133,61.73537
1347,54.27444,-2.6499908
1348,-24.287859,-51.02387
1349,35.205505,28.262012
1350,-44.388176,-3.1346984
1351,-6.2090383,26.099586
1352,-3.0494845,-2.1231503
1353,-8.474375,-4.0501437
1354,-3.5257485,18.608528
1355,2.8716977,26.13545
1356,-17.58092,-28.650192
1357,34.20264,30.188574
1358,43.651962,23.976686
1359,-5.2684517,19.37638
1360,-48.443687,-1.8367932
1361,-6.061058,-42.703358
1362,23.895725,5.3341784
1363,43.364033,24.20907
1364,-52.553566,-1.8352095
1365,30.35193,36.97019
1366,43.584717,24.111755
1367,28.769873,6.7703586
1368,30.481375,37.681816
1369,0.955548,-42.194252
1370,36.184116,30.631779
1371,-23.752758,-28.352318
1372,37.076447,27.830133
1373,35.164417,30.482048
1374,29.83461,-16.178347
1375,-32.93363,23.719406
1376,35.92505,27.99532
1377,-22.448195,-50.615925
1378,33.753,27.32306
1379,55.19731,-3.3129592
1380,-3.8572476,17.339458
1381,-43.458515,-5.6119504
1382,-2.7545912,34.713005
1383,36.917587,29.13166
1384,25.379385,5.5460577
1385,-47.711063,-1.8844665
1386,22.936964,-17.40021
1387,-25.97802,-25.526035
1388,20.58626,-24.671257
1389,26.343285,4.082523
1390,-1.3577794,-42.587467
1391,-0.1570632,-5.658514
1392,-7.3191557,33.88933
1393,19.653149,-22.966896
1394,25.215557,-20.03564
1395,9.33896,60.094563
1396,-6.021528,-6.274297
1397,43.945477,24.326239
1398,1.3071723,-42.80923
1399,-5.137069,27.201561
1400,-8.8898535,-1.8068868
1401,23.79528,1.5073173
1402,29.307478,-25.397593
1403,-6.7324057,24.608732
1404,-10.727523,-6.3101783
1405,-48.999043,3.6001368
1406,-7.5102615,-0.14365534
1407,26.91974,7.619258
1408,26.989729,-20.699234
1409,6.52767,62.64887
1410,26.935537,-13.284487
1411,-3.709427,-3.4894655
1412,-3.8060546,-11.702399
1413,-22.726137,-26.567463
1414,2.3213823,-39.11359
1415,-32.50073,25.253504
1416,-22.61556,-52.84381
1417,22.90959,1.5990161
1418,-31.004574,24.8043
1419,36.34347,27.13472
1420,-5.3005223,-40.32645
1421,-49.983185,-3.1499236
1422,35.589943,28.580488
1423,34.44916,28.325111
1424,25.582785,7.940806
1425,1.6224166,27.944933
1426,-34.302185,27.289206
1427,-6.067126,1.4577086
1428,56.50063,-2.3037145
1429,-23.53189,-22.199585
1430,-2.6147392,-44.695126
1431,3.0749269,-44.9633
1432,-44.81409,-2.1252127
1433,-26.482704,-26.606894
1434,-3.0063295,23.805895
1435,-6.175374,-3.4573653
1436,-51.30508,3.346862
1437,25.158585,-20.689137
1438,28.417871,-21.487032
1439,31.391945,-17.634102
1440,0.63093066,-44.6373
1441,-47.524166,2.0480366
1442,-2.4392087,-1.1481291
1443,-34.16555,27.106394
1444,-47.90014,2.207679
1445,55.56259,-3.3102968
1446,-34.86191,24.456448
1447,-51.686222,1.3507766
1448,22.4037,-21.325974
1449,1.2710397,21.126526
1450,-24.917439,-24.879549
1451,-42.72914,-3.4402647
1452,7.495115,59.631325
1453,-33.346394,23.196842
1454,-2.5182114,-0.85974836
1455,-0.58332807,-40.099525
1456,-3.788243,21.645481
1457,6.5906177,60.26504
1458,-0.41246757,-6.2767096
1459,-32.141113,21.46169
1460,-43.67418,0.23787805
1461,-5.2775197,-8.843819
1462,-2.8339915,19.576408
1463,1.0957832,21.758495
1464,43.235867,24.30594
1465,3.478067,27.07257
1466,-1.1093692,20.185911
1467,-43.512024,-4.657695
1468,-7.8041115,-9.252671
1469,2.8503206,33.359417
1470,25.286688,-27.828537
1471,-29.780949,25.680904
1472,1.3783678,25.386984
1473,22.908524,-18.87389
1474,0.20712453,23.359283
1475,-48.37943,-2.443016
1476,55.858788,0.47639346
1477,-43.607586,-2.7096736
1478,-45.12269,-4.526022
1479,23.617592,2.3489468
1480,-1.8707067,27.326616
1481,-49.126488,-0.031444654
1482,25.669437,-22.520624
1483,-0.4767447,-6.2818584
1484,-4.909366,25.651535
1485,-7.983639,25.69487
1486,53.428364,-2.3816824
1487,31.040718,-28.501757
1488,23.552652,0.21938276
1489,-32.20072,22.939419
1490,-4.2488422,35.018635
1491,29.51458,-26.060492
1492,-4.4378905,-10.346353
1493,-4.9856896,18.475012
1494,-32.19148,26.089882
1495,7.4182606,60.594185
1496,-4.373564,36.254566
1497,29.459871,-20.630455
1498,-2.4538386,-40.348244
1499,-1.0870857,-39.80316
1500,-23.787569,-51.17064
1501,-33.570007,21.265375
1502,22.743525,-24.106665
1503,-49.670357,2.7516418
1504,24.422918,-21.459467
1505,19.456087,4.427149
1506,-5.89003,-6.429062
1507,25.095858,-27.71155
1508,-0.14006665,29.723759
1509,24.442335,-0.19818981
1510,37.099403,31.141106
1511,-2.2068236,-41.689114
1512,-3.3038566,-6.519775
1513,28.070393,-1.1777445
1514,-2.847893,19.44415
1515,27.842075,-27.22902
1516,-24.190619,-52.084606
1517,-5.535569,34.0538
1518,29.951668,37.467003
1519,-49.412277,-1.7051965
1520,-3.931806,-3.9625132
1521,1.0131967,25.955687
1522,1.552375,30.088062
1523,-24.697918,-28.818045
1524,52.5324,1.4587967
1525,-50.342274,2.1178365
1526,-23.927395,-50.700768
1527,1.4840641,31.389597
1528,25.028652,-29.10087
1529,-2.9724684,-44.138443
1530,25.83954,6.0299416
1531,-42.558525,-4.858689
1532,-1.7265584,-3.595431
1533,-47.54002,2.241237
1534,53.675777,1.2168344
1535,-2.1233666,-11.335423
1536,19.979572,-21.419199
1537,-5.4765596,-10.942184
1538,-23.496948,-26.139154
1539,-45.760273,1.4510366
1540,-42.58834,-2.8843548
1541,27.693447,5.3633394
1542,-46.8154,-2.4325974
1543,-1.2475842,22.889511
1544,52.49104,2.4926732
1545,-52.701645,-3.7160609
1546,1.7387438,31.618244
1547,-6.5783734,-10.596572
1548,-5.0621076,30.369183
1549,23.293932,-20.259457
1550,-46.84771,-1.0251037
1551,-22.790918,-26.317
1552,-26.15059,-24.391485
1553,32.658577,-17.327944
1554,54.397167,-2.1070852
1555,-0.45011094,33.86418
1556,-22.82414,-51.56573
1557,2.1320672,-43.85018
1558,-7.734306,-2.3666074
1559,9.217335,59.0884
1560,3.208332,-43.987484
1561,-2.4818048,29.247154
1562,-8.776865,-9.133851
1563,-9.566698,-6.3141217
1564,25.520761,-24.479116
1565,21.359453,-24.430841
1566,-50.14643,-0.6858897
1567,-0.7696966,-43.457813
1568,-9.167534,-1.1553689
1569,-34.494198,25.041235
1570,-48.93499,0.3517448
1571,24.864708,-21.500795
1572,1.735855,-41.28641
1573,26.948,-22.348999
1574,-43.58475,-2.9111147
1575,-7.5167994,3.2074938
1576,-6.4549465,20.927143
1577,-7.929537,27.429853
1578,-22.27535,-51.067074
1579,6.912606,61.271152
1580,6.235289,60.185337
1581,-51.919853,0.28069937
1582,-43.845997,0.03698796
1583,-30.2152,26.686989
1584,30.430662,-26.425344
1585,0.6706409,-43.457672
1586,-3.680735,-42.93454
1587,27.224157,-25.926205
1588,54.946243,-1.1136831
1589,-23.319687,-52.509678
1590,-7.019955,2.3183498
1591,22.998472,6.957549
1592,-30.934832,25.926533
1593,27.9038,-24.078497
1594,25.463446,3.4331777
1595,-6.9405317,31.467007
1596,-5.391323,-40.976757
1597,-4.9883733,-39.293224
1598,-5.6662273,-8.112705
1599,-43.54848,-5.526576
1600,-8.756953,-7.6641817
1601,27.586754,2.01699
1602,33.654408,28.017538
1603,-5.4815383,19.358147
1604,-3.937772,-11.634343
1605,27.80013,-2.8186204
1606,43.590008,23.372541
1607,-0.36461967,34.802105
1608,22.784075,3.4476018
1609,34.530396,31.54911
1610,30.531534,-16.70566
1611,31.789572,-18.322248
1612,-32.38799,26.505543
1613,-2.0300534,-3.78212
1614,-49.654526,0.62985694
1615,-49.07639,1.7946771
1616,-9.142455,0.011140276
1617,-25.615604,-27.623386
1618,27.113476,-26.522533
1619,25.664812,-24.602211
1620,-10.526562,-5.346872
1621,2.110928,30.902376
1622,-23.254093,-51.10489
1623,-49.35305,1.1305288
1624,-33.9057,23.79669
1625,-5.446218,-0.55022603
1626,-23.53926,-25.35667
1627,2.1076922,24.40032
1628,-2.4858007,23.830416
1629,-2.9421535,-1.9401089
1630,-42.116985,-1.8202802
1631,-5.624734,-8.319753
1632,-5.121983,35.941032
1633,-3.3115609,21.230555
1634,-2.8356938,-43.27341
1635,-44.558453,2.0120637
1636,-3.6973078,-10.397928
1637,-3.7106974,24.483725
1638,-7.2138624,2.1031897
1639,18.711973,1.7774786
1640,8.566341,60.04405
1641,-1.1255329,-37.522324
1642,-2.0472596,-9.777813
1643,-30.784891,23.767776
1644,-24.236544,-51.759304
1645,-17.591318,-28.645857
1646,-4.15149,-5.5777187
1647,-1.9254339,-39.96403
1648,-1.334679,-43.773434
1649,-4.770922,-7.7462063
1650,26.199951,-20.200905
1651,4.231504,61.61516
1652,-2.9419374,29.779802
1653,31.648964,-21.762527
1654,-8.415122,-4.261037
1655,-4.254567,30.747894
1656,3.0058951,32.17532
1657,-23.061165,-25.566254
1658,19.811543,-1.7302583
1659,27.78828,1.714986
1660,-0.22934172,-43.014755
1661,53.318115,3.3339362
1662,-45.69081,-1.6007907
1663,22.222311,-20.577188
1664,9.057238,58.824505
1665,29.628937,-19.047596
1666,-48.27036,-2.3339763
1667,-32.06743,26.309374
1668,25.749424,-26.088459
1669,22.940004,-26.42005
1670,25.638643,-24.352116
1671,25.51238,-26.407589
1672,-22.035295,-25.532516
1673,56.315025,-1.2339878
1674,-24.470036,-28.834127
1675,26.887594,-28.004057
1676,30.527462,37.735825
1677,29.01425,-24.702187
1678,4.0692444,61.413307
1679,-50.094124,-4.7077327
1680,30.766706,-23.49856
1681,-49.400307,-3.211295
1682,-25.138517,-22.622944
1683,26.841267,5.349151
1684,-4.346432,-9.561916
1685,27.793045,-15.677917
1686,-21.865726,-24.334993
1687,23.314257,5.5282845
1688,26.085093,7.139441
1689,24.015434,6.1873693
1690,43.411095,23.591711
1691,2.1275845,-39.420948
1692,24.449133,-19.898779
1693,-47.466984,-0.49867734
1694,-6.607403,-13.554989
1695,-3.9253707,-41.639458
1696,-7.5400553,2.5612078
1697,43.597713,23.75761
1698,-3.452952,19.608967
1699,23.178074,-21.241642
1700,24.937939,-17.407873
1701,23.816713,-24.422932
1702,28.179222,-21.901365
1703,27.234917,-0.6423745
1704,24.534685,-1.5587633
1705,24.901169,4.429226
1706,-5.4760756,29.72625
1707,24.684713,2.3833535
1708,24.002115,-23.859512
1709,28.598394,4.977642
1710,-0.9320259,-5.0136967
1711,54.44436,-0.3846107
1712,-47.776962,1.9529563
1713,-21.003489,-24.564425
1714,-2.3001614,-45.38666
1715,-3.90328,-5.158199
1716,-23.234022,-25.546822
1717,30.516893,-24.525646
1718,-1.2060475,35.92955
1719,28.74825,-27.176916
1720,24.8199,-24.69397
1721,54.409557,-1.7552785
1722,-22.936676,-24.08212
1723,-21.750982,-26.470377
1724,28.290731,7.8792577
1725,52.7898,0.7851843
1726,-44.27574,0.48493466
1727,24.77645,-23.488255
1728,-22.20169,-22.82126
1729,-32.693527,25.848114
1730,-46.021835,-4.603641
1731,-0.8550541,-42.967426
1732,-1.3463231,-3.2397168
1733,-0.07772982,29.615469
1734,-3.1989691,35.564198
1735,-46.623165,-0.6452241
1736,21.476242,4.578571
1737,-22.173658,-51.447155
1738,30.709713,-26.31496
1739,55.56222,-1.1687764
1740,0.13130368,25.074163
1741,21.923164,-21.618645
1742,-44.56851,1.9214512
1743,-47.261967,0.71250534
1744,22.877777,3.205387
1745,0.7501269,29.240883
1746,-3.2676218,-7.1566186
1747,36.008778,28.225386
1748,-4.4390154,0.9954103
1749,23.952456,3.1517727
1750,-8.241558,29.8217
1751,33.8194,30.614632
1752,32.35645,-23.716751
1753,-24.387669,-24.59206
1754,1.6938909,-38.462
1755,-3.2235842,-38.272552
1756,22.44537,-22.274488
1757,-6.3177633,34.813435
1758,-50.750313,-2.5116374
1759,-1.68202,-39.30967
1760,0.31066954,-37.832466
1761,2.089181,28.732798
1762,-2.1939604,22.819067
1763,-2.270145,34.086056
1764,-24.365732,-24.30442
1765,-5.5308733,32.935112
1766,0.086890124,22.617992
1767,-4.326731,-42.057796
1768,29.452667,-22.28265
1769,-47.570484,2.429965
1770,-6.597603,-5.498211
1771,23.077906,-19.390661
1772,-2.4846852,-0.516348
1773,19.707808,4.2909117
1774,9.196963,58.58224
1775,-3.3453202,32.707855
1776,-5.1079316,17.73189
1777,-47.41478,-3.6933203
1778,-6.457354,0.22570123
1779,22.879044,1.4962208
1780,30.730583,37.318115
1781,25.205854,-26.253803
1782,25.248455,-21.393814
1783,43.179127,23.916712
1784,-1.1600314,24.682781
1785,25.532038,1.6220955
1786,23.50795,1.5903054
1787,30.275759,-16.670097
1788,-50.01034,2.7090209
1789,24.014275,-20.882551
1790,-31.98327,27.470934
1791,34.75723,28.795605
1792,-33.88386,22.694323
1793,22.739573,-25.304579
1794,-7.1608543,31.342937
1795,27.808111,-25.657156
1796,-6.246574,-3.3716302
1797,-34.058414,26.813007
1798,-7.119381,-5.8061576
1799,-0.17990752,32.62005
1800,0.14149165,-38.726513
1801,-24.230984,-25.948149
1802,-46.99993,2.465127
1803,23.535656,-23.67151
1804,27.213717,-23.367813
1805,53.54466,0.7542327
1806,1.3064281,23.334305
1807,-23.523531,-23.321993
1808,-33.526806,25.647144
1809,20.087847,-22.649357
1810,0.48170146,-39.55313
1811,-1.8938394,-43.90986
1812,0.2857638,-38.777607
1813,21.113852,-21.490725
1814,-8.383659,33.279762
1815,1.8858256,30.33687
1816,-1.2437564,-41.33169
1817,29.574778,-15.036647
1818,-5.380906,-41.539257
1819,-0.34329453,32.772884
1820,-7.012738,26.655914
1821,-23.454515,-22.148655
1822,55.087593,-2.591479
1823,-3.6495569,18.82153
1824,-2.1528986,-5.2450795
1825,31.293457,-26.32852
1826,-50.990265,3.1241238
1827,35.566597,30.42612
1828,26.884096,-19.38291
1829,-3.4505212,26.959003
1830,-4.0164366,-38.55114
1831,36.73171,28.752789
1832,26.559395,3.1361725
1833,22.31626,-22.909517
1834,-2.18219,-43.783073
1835,2.5800076,-42.420727
1836,-42.140926,-4.640837
1837,2.3811796,-44.080093
1838,2.459078,28.826176
1839,24.039495,1.4094718
1840,52.6654,2.7818294
1841,-31.092012,21.181347
1842,1.1415981,24.323503
1843,43.43012,24.198896
1844,-7.27709,-3.839203
1845,43.257515,24.131153
1846,-4.356035,-37.92819
1847,-31.34297,22.66452
1848,-44.589474,-2.5436656
1849,5.6414084,59.782906
1850,2.3967237,32.070374
1851,7.2320914,60.357838
1852,-7.812638,-7.313216
1853,-2.3617952,31.955656
1854,-3.9393466,-40.21834
1855,-25.048536,-27.049383
1856,-4.9280586,24.016506
1857,-4.4013596,-6.168002
1858,-10.007565,-5.9874616
1859,-6.049116,-5.545459
1860,54.682026,-0.8607936
1861,-33.282608,22.899809
1862,7.3232226,59.014557
1863,8.821914,57.53662
1864,-31.934454,24.37743
1865,-48.763317,0.2189246
1866,23.825718,4.312284
1867,29.194164,4.2618766
1868,-2.2892795,-5.844168
1869,29.389675,-15.212947
1870,20.228481,6.378941
1871,-2.195242,21.44753
1872,-2.011321,-43.185863
1873,-7.6647143,0.3675945
1874,1.4417237,25.882275
1875,5.9933825,62.002934
1876,6.8101864,60.142815
1877,-2.5001006,-43.40227
1878,-2.12002,-38.201916
1879,2.7041452,26.033478
1880,1.0876279,-39.478436
1881,8.471144,60.53235
1882,26.164335,4.9716573
1883,-0.4168373,-44.460636
1884,1.8724477,20.245543
1885,-5.180824,-0.8521059
1886,-1.186231,19.708527
1887,-2.5218012,32.30823
1888,-4.947451,-7.069521
1889,0.8345422,-39.065777
1890,0.28221202,23.982946
1891,-8.555186,-8.247213
1892,5.00533,61.783535
1893,28.044147,-23.097134
1894,29.407507,-17.581486
1895,-22.897339,-23.351826
1896,6.846346,61.73087
1897,28.377106,2.3614168
1898,-42.722935,-2.9871528
1899,-5.4799905,-9.204052
1900,-42.614414,-3.4565349
1901,26.592026,-25.768473
1902,1.9432086,25.922663
1903,-2.3409514,-8.033347
1904,-0.50344056,-6.071915
1905,18.70634,1.7548751
1906,-50.33281,1.6498564
1907,30.650402,-22.61172
1908,5.435502,61.493557
1909,-49.937317,0.49211857
1910,6.7283015,60.68777
1911,-4.5854206,-9.473536
1912,27.931137,2.9467254
1913,6.6785855,59.0717
1914,23.853153,-21.145683
1915,53.962894,0.38086322
1916,-25.289299,-24.97767
1917,56.00608,-2.2201781
1918,-2.2316537,33.63361
1919,-22.779673,-51.11424
1920,-6.217328,24.149122
1921,-24.638252,-23.482882
1922,-9.682651,-9.850414
1923,-31.105045,23.892076
1924,-44.872734,-3.2227767
1925,23.099792,-27.699114
1926,21.377039,6.0657277
1927,-10.726384,-7.490448
1928,2.1180487,24.670424
1929,-7.213365,28.939302
1930,23.2084,-20.973677
1931,10.162471,59.99782
1932,-4.1534166,-42.250366
1933,-23.734213,-25.09186
1934,-32.629284,24.051453
1935,0.70719665,25.93723
1936,27.10773,3.5377393
1937,-3.1274326,-39.38645
1938,0.13241863,-39.625088
1939,24.865288,6.077311
1940,-2.4906723,-0.8270737
1941,54.149715,-0.856355
1942,-2.8847039,-9.837795
1943,24.584099,4.171506
1944,26.380156,-27.435581
1945,27.746323,-16.523859
1946,28.221506,3.6994174
1947,-32.453148,22.050856
1948,-5.0708313,-11.686776
1949,-2.0832238,-45.237717
1950,-33.1315,24.28489
1951,30.45081,37.741627
1952,24.723228,-25.379168
1953,23.047909,-21.154505
1954,-2.0105321,33.432648
1955,29.965164,-24.915873
1956,2.9556174,30.054422
1957,55.20579,0.17067204
1958,24.942862,5.092924
1959,-2.531832,-6.7585263
1960,-3.2513266,-42.588932
1961,-6.965663,-6.0169263
1962,-4.0047817,-7.7120843
1963,56.706738,-2.5314953
1964,21.743196,-20.55439
1965,-44.356724,0.77350426
1966,1.5548565,30.08717
1967,-1.4688636,-39.953014
1968,24.323643,3.4004092
1969,0.54995316,33.89937
1970,-6.832305,-6.302988
1971,-4.6582527,-3.4794786
1972,-45.92825,0.4285123
1973,30.14729,-28.500769
1974,-47.036003,2.8385944
1975,1.1751928,23.986681
1976,-7.6789784,0.32671562
1977,-17.576754,-28.651327
1978,-24.638306,-23.318468
1979,-21.74629,-26.42787
1980,-42.8516,-4.003259
1981,-5.398557,30.226246
1982,-46.602314,2.2549295
1983,-2.8858373,24.543278
1984,26.337225,-22.666645
1985,-46.51821,2.7738733
1986,-5.1586185,27.203104
1987,24.200352,6.301815
1988,-5.703764,1.892836
1989,-44.708332,-4.723327
1990,25.677608,6.8622727
1991,0.44294107,28.143814
1992,24.532526,-0.06647964
1993,-2.4321,-43.136147
1994,-7.761388,-5.6680155
1995,-2.5035858,29.322947
1996,7.642094,60.869038
1997,-43.87055,0.2182067
1998,24.889935,-18.200888
1999,-2.1711693,-0.9825258
2000,26.916466,-15.644818
2001,-3.1193867,-39.852497
2002,27.486115,2.3403194
2003,23.675388,7.346813
2004,-1.1316094,23.899776
2005,-4.2388086,0.073493145
2006,-42.689114,-4.1175566
2007,-32.45825,24.396032
2008,-47.87759,-0.27237892
2009,-7.0290194,-1.2963785
2010,-4.0306377,23.373287
2011,-1.010948,32.635654
2012,-34.28917,23.62513
2013,53.97365,0.7081962
2014,-2.5383682,-44.296898
2015,-1.049782,31.891481
2016,-8.751034,-6.001396
2017,26.649359,-1.8307531
2018,-45.665398,-0.58514804
2019,24.42943,-27.397127
2020,-25.643126,-29.114786
2021,-1.9814359,19.232244
2022,-4.8398952,23.82124
2023,26.064882,-20.084965
2024,21.991697,2.7850912
2025,32.064987,-23.745731
2026,-22.308249,-24.497515
2027,-1.0228355,-40.393288
2028,0.26560807,24.319767
2029,-7.9060183,0.7761443
2030,22.793652,6.9652333
2031,-42.936157,-0.50596285
2032,-9.441463,-8.990438
2033,22.953524,-25.442974
2034,8.885008,59.303486
2035,27.008116,-16.77038
2036,-42.57187,-2.3731654
2037,-5.832785,-4.7080655
2038,-0.13007028,-38.382275
2039,-44.71432,-1.5978469
2040,-53.465652,-1.9186558
2041,0.885025,24.95673
2042,28.576464,-28.748016
2043,-22.860855,-24.859612
2044,-50.49477,-0.33141032
2045,27.1349,-21.64664
2046,-2.958513,18.059517
2047,-2.59742,23.52714
2048,-43.372078,-2.6141043
2049,30.605305,-28.33517
2050,-47.046497,0.9910937
2051,-30.89786,25.50825
2052,21.613571,-25.478024
2053,-1.872356,19.820013
2054,-4.4614186,27.995808
2055,2.1996973,23.868908
2056,-1.4559838,-10.194179
2057,25.427704,-24.765549
2058,4.5210614,27.241854
2059,-32.890163,24.893177
2060,55.30724,-1.1444869
2061,26.69424,5.867325
2062,-8.629274,-10.136858
2063,-9.546317,-6.6267405
2064,29.507273,-16.521126
2065,-1.1789398,28.03364
2066,1.0791777,30.500223
2067,-4.521108,24.063412
2068,54.029724,-2.0768335
2069,-2.9429445,32.56525
2070,5.558535,59.845356
2071,-23.224226,-52.552544
2072,-3.679844,-8.561223
2073,37.217205,28.826853
2074,-3.0800476,-12.585523
2075,53.27441,0.6677914
2076,-0.07460673,33.41872
2077,1.5988147,23.08509
2078,-8.546847,-8.496851
2079,-4.272139,23.983881
2080,-47.520092,-0.57549405
2081,-31.48734,24.16197
2082,-22.429361,-51.548996
2083,43.249245,23.827274
2084,55.024223,-0.25476798
2085,0.87718433,32.506218
2086,-8.012317,-4.226189
2087,-2.493396,-41.05567
2088,-0.3950442,-6.3147354
2089,-7.702613,34.03499
2090,-4.253342,-9.42091
2091,21.804983,-25.591688
2092,-22.994835,-53.218483
2093,-1.064386,21.840286
2094,4.6017685,60.16639
2095,-51.218575,0.5535693
2096,-0.51275736,-38.98088
2097,-8.373304,27.655512
2098,-6.5011263,-0.2938657
2099,-1.3658736,-6.012394
2100,-5.029879,-11.166346
2101,-2.4214973,24.033138
2102,-2.966176,-43.93307
2103,8.670508,60.650623
2104,22.734674,-21.056036
2105,-31.767498,20.754877
2106,0.61261666,-42.956036
2107,9.330188,59.77282
2108,-3.8913753,27.69469
2109,-5.2797837,-38.98382
2110,30.382475,-21.897995
2111,-44.04633,-1.6587595
2112,-0.70289034,20.345255
2113,-51.83209,3.0345306
2114,-1.9926149,-40.972343
2115,-2.906725,18.57795
2116,-2.335074,-39.806053
2117,-6.9408298,1.7004485
2118,-3.4312816,-10.271171
2119,-5.2429156,-7.9296355
2120,-33.860107,25.287825
2121,-4.0930853,18.678133
2122,27.170946,-23.113081
2123,-47.885345,-0.81510705
2124,-3.4354453,24.636232
2125,-3.5061417,-8.35611
2126,-3.3293765,-42.54224
2127,-52.35406,-2.82554
2128,-3.3598964,-38.78079
2129,-2.1923373,35.451363
2130,-2.2368338,-4.7025375
2131,36.844196,30.116928
2132,-3.9557962,-6.453475
2133,24.394897,-28.141214
2134,31.840595,-21.457304
2135,-0.53223133,27.588358
2136,23.123434,3.6593826
2137,-5.942041,-3.9654522
2138,-3.1690922,16.54798
2139,6.4416046,61.73829
2140,-0.010824283,27.28372
2141,53.699604,1.221195
2142,-5.880034,25.326223
2143,-43.60079,-3.2248867
2144,-51.784172,-0.10103212
2145,-49.504665,2.6770623
2146,-49.400723,-4.535051
2147,-4.08566,-8.143538
2148,-3.0602438,-5.859493
2149,2.8932428,27.397858
2150,-4.909296,30.773926
2151,1.017762,25.317282
2152,-1.0227262,-45.50945
2153,43.45166,23.651276
2154,-0.21097898,-41.652153
2155,-6.2889137,29.483034
2156,-10.461173,-3.178127
2157,34.906765,29.039186
2158,43.357117,23.617977
2159,26.80622,2.4227784
2160,26.509115,-22.812416
2161,-51.441654,3.3164713
2162,35.03564,30.994682
2163,-2.3803773,-2.9988928
2164,-8.527754,31.196352
2165,6.471586,58.940807
2166,7.024687,62.146973
2167,-22.949286,-52.619576
2168,-2.4007335,-3.5075464
2169,28.01298,-0.66349196
2170,-7.6315374,-7.9150667
2171,-3.865552,35.20169
2172,-22.945179,-52.14822
2173,56.966625,-2.150544
2174,34.745956,27.405407
2175,55.16705,-1.1037284
2176,30.413815,-21.585041
2177,1.5727892,22.270557
2178,-45.098797,-4.4984
2179,-7.8663936,-7.7062917
2180,-23.80301,-25.509804
2181,34.72378,29.274902
2182,-10.704378,-6.5334044
2183,-6.205296,-7.366079
2184,29.999723,37.336952
2185,56.384857,-2.487479
2186,-5.397705,33.903618
2187,32.196148,-19.394398
2188,43.279324,23.778793
2189,8.53242,58.84292
2190,-2.8054109,31.520208
2191,-5.5941043,30.255686
2192,-3.4580593,23.565971
2193,-6.173318,1.1139177
2194,9.185963,61.779915
2195,-1.8156735,-4.0601053
2196,-5.196269,28.57832
2197,55.07665,0.86748224
2198,-0.67374575,-36.953197
2199,55.541756,-1.6354154
2200,-6.755979,29.50806
2201,27.754301,-2.5997772
2202,-6.3783684,-9.950445
2203,53.487904,1.5073732
2204,-31.602703,25.535942
2205,-4.4161196,31.853683
2206,-25.771,-27.304537
2207,30.623007,-20.327406
2208,34.792747,26.962063
2209,-1.2289555,-41.70772
2210,-24.367697,-50.954346
2211,-34.393066,25.557493
2212,27.32415,-18.971128
2213,-25.078764,-25.229034
2214,27.182838,-0.84726816
2215,35.907055,27.148447
2216,55.569637,-1.6415089
2217,4.3145404,61.363316
2218,-44.17126,-0.54616714
2219,2.4558456,27.976473
2220,-4.6179276,35.37868
2221,23.153948,-21.278198
2222,-4.667804,-42.15462
2223,-5.4561815,-3.3328855
2224,36.429665,29.86906
2225,-0.30189988,28.947723
2226,-2.7557933,-42.740646
2227,-3.708874,20.421616
2228,43.636116,23.886112
2229,-42.811886,-0.7340958
2230,34.545086,29.259396
2231,-6.7815013,-10.466415
2232,27.701546,-17.921833
2233,-5.028261,-9.032488
2234,-30.537437,24.249802
2235,-4.9792337,-1.0040963
2236,-46.15529,-2.674683
2237,-0.37837103,-41.31293
2238,-31.627827,22.13733
2239,-1.4583051,-43.993603
2240,29.71541,-14.651528
2241,-31.547474,20.4264
2242,-32.510487,27.534838
2243,26.18086,-17.817583
2244,-22.49062,-51.062054
2245,5.4799013,62.340904
2246,-33.98574,24.2357
2247,-6.4302025,-10.531883
2248,-45.549847,0.22618057
2249,31.670706,-22.25304
2250,-33.034443,26.535484
2251,-8.983955,-4.4800806
2252,-44.07674,-0.7837461
2253,23.513866,-26.39124
2254,-46.2187,-5.9347916
2255,-9.20888,-2.527681
2256,-0.96381044,31.131487
2257,35.860012,25.93033
2258,-22.39376,-23.076405
2259,-21.740877,-22.482368
2260,-3.7853897,21.97382
2261,1.1694154,-44.693386
2262,22.578537,-24.5524
2263,29.670082,-21.65253
2264,-9.226098,-4.453088
2265,-4.15847,23.470133
2266,-23.631237,-26.942514
2267,-51.78354,-2.570438
2268,54.866302,-0.091740176
2269,-32.458477,20.695158
2270,-1.93436,25.436272
2271,52.956074,2.5367146
2272,26.2469,-27.09897
2273,-51.82965,0.44378474
2274,-1.3974112,33.285717
2275,-45.814114,-1.484645
2276,-9.362744,-10.302535
2277,-25.600485,-26.589294
2278,-47.005306,-2.8509016
2279,22.029419,3.6266527
2280,1.4610013,-42.886246
2281,-25.277027,-28.827354
2282,21.153494,5.9526124
2283,-44.52896,-1.3927133
2284,6.4365277,59.881794
2285,-3.592784,-1.4263692
2286,22.762094,-22.497965
2287,-4.7646403,-6.149879
2288,-7.786776,0.3506207
2289,8.816294,59.481716
2290,24.922668,1.8026055
2291,-0.69943917,32.789566
2292,26.321398,-25.491203
2293,32.725163,-22.865053
2294,26.646027,7.207005
2295,-6.096658,-11.667222
2296,-32.9238,23.27445
2297,-4.469044,-10.049995
2298,-24.893051,-24.225698
2299,-22.803204,-23.071487
2300,-2.7891135,-7.8132505
2301,35.04812,30.259132
2302,24.208803,-22.293957
2303,7.9047856,59.162724
2304,36.264286,30.137007
2305,29.227165,-26.396196
2306,37.18176,29.009472
2307,26.143217,-21.709145
2308,-5.4064374,-43.607933
2309,54.72291,2.1612437
2310,-3.712403,-39.29054
2311,27.58611,1.4020368
2312,-48.54219,0.53169745
2313,-24.456799,-28.263798
2314,52.478806,0.34600422
2315,-31.934822,24.126078
2316,5.915247,60.475655
2317,-1.0670927,-43.070786
2318,0.61086804,32.81683
2319,25.127169,7.7944374
2320,6.774658,60.55742
2321,-3.1613202,0.30186367
2322,25.535757,6.698904
2323,35.82478,29.749172
2324,36.340946,29.341139
2325,56.524754,-1.7798564
2326,-44.810177,-0.40522623
2327,-3.1960583,-1.9812396
2328,-41.556087,-4.7593474
2329,-5.054586,-6.5189686
2330,-5.60944,35.080566
2331,31.126982,-21.957182
2332,27.123999,0.87288004
2333,22.701788,6.174535
2334,7.7809362,59.251286
2335,22.705671,-24.102959
2336,-51.20272,0.60389286
2337,-22.617409,-26.09626
2338,-43.164753,-2.7748156
2339,-2.0078547,-8.792971
2340,-50.653713,0.306395
2341,22.21173,-23.588196
2342,-1.8751498,-41.95995
2343,-33.213017,24.17413
2344,-2.3292947,-11.418832
2345,-49.05767,-3.1541336
2346,-6.6059895,-2.491617
2347,-3.024836,26.04209
2348,-1.3737975,-5.953767
2349,19.852142,-1.6674234
2350,-2.7456388,-38.9373
2351,27.367441,5.859171
2352,-41.30205,-3.8453124
2353,20.31936,4.7713437
2354,22.9813,-22.697638
2355,24.097897,5.968289
2356,-33.047237,25.288982
2357,-24.662367,-25.990149
2358,43.268196,24.141792
2359,-2.8429701,20.437975
2360,31.911915,-27.341019
2361,43.199013,23.931314
2362,-5.9479294,-11.154514
2363,19.96527,3.9289668
2364,-0.20851043,29.634495
2365,2.3040712,26.91809
2366,-1.9275988,24.663607
2367,-0.81947917,25.49656
2368,-32.036575,21.64322
2369,24.97388,6.976613
2370,8.569217,58.659325
2371,-33.556896,25.961624
2372,24.451185,0.16021138
2373,43.495613,23.726025
2374,29.972414,-25.295725
2375,28.219961,0.9431963
2376,-4.44988,18.107845
2377,-42.21533,-2.0050735
2378,0.24983531,-45.246334
2379,-8.129662,31.959335
2380,-5.200031,-7.46094
2381,1.1293806,-40.14648
2382,-31.86744,23.08085
2383,2.7402468,26.876251
2384,-1.3926814,-7.788472
2385,28.512367,-26.757042
2386,36.383965,29.60448
2387,4.9137425,61.673405
2388,0.96624887,28.291866
2389,22.83759,7.03985
2390,-22.734533,-22.224133
2391,-1.5547242,-3.065672
2392,-4.382082,35.180347
2393,-50.554356,-4.590897
2394,-6.182848,-2.1212277
2395,-42.2826,-5.5754137
2396,0.6370288,-44.57942
2397,43.493683,24.136631
2398,-4.344187,-1.3502822
2399,-2.1285098,-38.709213
2400,23.48106,8.01475
2401,29.592384,-22.847782
2402,-34.51885,24.323158
2403,-3.1032834,16.258152
2404,-49.449688,-1.299602
2405,-1.8783963,28.884808
2406,-27.209528,-23.744719
2407,-24.887505,-26.443819
2408,25.935244,-18.853731
2409,-23.395563,-52.246532
2410,33.37924,-23.107882
2411,25.031712,0.60044414
2412,24.192997,-25.26486
2413,-4.926298,31.296015
2414,5.371824,59.43235
2415,-33.691883,25.018385
2416,23.460024,-21.690998
2417,-3.4559479,30.831879
2418,-23.58485,-53.21746
2419,27.633244,-25.943533
2420,-2.4158878,-9.77429
2421,-31.86374,22.324627
2422,26.501932,-26.547424
2423,-6.506158,-2.3503292
2424,20.214764,4.1433024
2425,-0.41634586,-38.71919
2426,1.4002126,-43.83928
2427,6.1548953,62.290096
2428,-9.456887,-0.2857855
2429,32.7515,-20.909615
2430,30.125935,37.69917
2431,24.4588,-26.299093
2432,35.033577,27.873272
2433,-1.783633,30.515766
2434,-1.0668066,27.199364
2435,-50.67893,-1.3264178
2436,55.072693,-2.3178346
2437,30.311998,-28.475754
2438,-7.5241737,2.4155502
2439,5.173503,62.125854
2440,-2.5078182,18.92928
2441,-8.735597,-8.316333
2442,56.872456,-1.1465112
2443,-8.824595,0.0069885715
2444,-6.8343587,-40.10083
2445,-1.4301256,30.826317
2446,-33.42694,26.311827
2447,54.45461,-0.02598635
2448,53.414803,-0.5718545
2449,25.717861,-21.270437
2450,54.446495,0.33266217
2451,25.699255,3.0094516
2452,31.645353,-23.140461
2453,-48.444187,-1.7666249
2454,-46.527607,-2.7458496
2455,35.637253,29.572699
2456,2.7066128,31.378109
2457,21.891613,-23.943977
2458,1.5655366,-43.45347
2459,-31.401682,21.051443
2460,-31.786255,21.087141
2461,-52.34914,-3.8107622
2462,-23.543798,-51.159668
2463,23.66412,2.6924407
2464,1.8436463,30.317577
2465,-22.960865,-50.528614
2466,-0.25613144,29.442686
2467,0.75052553,-38.23737
2468,1.0589811,-39.22703
2469,18.69875,1.7415751
2470,-1.8322451,-38.356464
2471,-44.11503,-5.2429066
2472,56.421524,-2.948997
2473,-24.620527,-27.92344
2474,29.949839,-16.872553
2475,-2.4737108,19.596964
2476,-25.226053,-29.148836
2477,8.855041,60.162556
2478,-25.266626,-25.48943
2479,-6.5457287,-3.2362874
2480,-5.853657,35.429794
2481,23.735575,5.151846
2482,22.38044,-22.141113
2483,-0.1021581,-42.494686
2484,23.96621,-24.396038
2485,22.672316,-22.366686
2486,26.910093,5.3618093
2487,-2.2741022,29.58919
2488,0.21997197,31.466938
2489,-3.9319317,-5.11576
2490,27.985044,2.1492872
2491,0.55402976,24.394947
2492,-43.4165,-3.9317806
2493,-7.3355007,29.32181
2494,2.0875988,21.811531
2495,-42.38257,-4.2081275
2496,24.153646,-27.969877
2497,-32.64747,24.73482
2498,0.233932,-44.27631
2499,-4.0413113,-43.83734
2500,-5.3574786,-6.8933005
2501,-5.100329,21.679369
2502,-49.64617,-1.9167595
2503,-3.8932097,-5.661009
2504,52.102642,0.931412
2505,-4.5483007,-5.692449
2506,-9.704496,-9.97364
2507,23.057516,-19.260565
2508,-2.0915024,-38.637165
2509,-3.295223,-38.828415
2510,-2.0217395,34.842346
2511,-5.6900578,25.567497
2512,26.118895,7.341891
2513,-23.311647,-27.697657
2514,22.723478,0.17050943
2515,30.032446,37.497784
2516,-31.233782,25.191614
2517,24.743435,5.528984
2518,-9.436285,-3.3760233
2519,2.1010633,28.699497
2520,25.10621,3.3840566
2521,-24.841244,-25.514133
2522,-24.842062,-27.72219
2523,28.736515,6.722415
2524,8.700189,61.432747
2525,24.613798,-23.48839
2526,-1.5672526,-2.3615706
2527,-3.8355165,-11.741099
2528,-0.8943967,28.881474
2529,1.1429724,33.731102
2530,-30.525257,24.557356
2531,24.599464,-27.702078
2532,-3.4992971,-7.8363175
2533,-24.189827,-52.092457
2534,24.723368,-20.478315
2535,28.652802,-27.470755
2536,-48.956276,-0.50686735
2537,-23.943604,-23.249931
2538,21.566751,-21.239378
2539,-45.86868,-0.32914883
2540,-1.7024654,28.450445
2541,-23.283468,-51.418926
2542,22.622553,-22.587206
2543,-0.5872918,27.965017
2544,-3.211966,-9.050592
2545,0.3441807,21.480556
2546,0.40088326,25.25465
2547,20.023102,-22.359804
2548,-17.598898,-28.639357
2549,-22.732718,-25.966278
2550,20.231949,-22.554697
2551,-50.768105,1.4084836
2552,-8.623987,-2.5587916
2553,33.331684,-23.346216
2554,-50.38186,-1.5021578
2555,-23.086779,-26.86614
2556,3.1308837,-41.161644
2557,25.35462,-26.757349
2558,27.327421,-26.11241
2559,-1.347088,-38.34558
2560,23.916397,-27.557718
2561,52.82893,1.5837247
2562,-1.9475434,35.242744
2563,-45.589798,0.8996989
2564,27.263464,-24.331356
2565,-33.412544,22.325937
2566,25.878487,3.9843612
2567,29.824211,1.7583628
2568,-8.13788,-10.079015
2569,-2.9653845,-11.532238
2570,24.87028,-22.056494
2571,23.818155,5.2247105
2572,-5.002055,-5.232665
2573,27.393995,4.432986
2574,-44.981064,-4.559802
2575,-30.735338,25.413366
2576,-4.183744,-11.13644
2577,-1.2942274,21.105824
2578,25.446163,-27.701038
2579,-45.305347,-0.448947
2580,-0.13862826,-44.80143
2581,3.6685095,24.34973
2582,23.032152,5.891322
2583,3.897992,25.246832
2584,-0.8387848,22.218035
2585,-1.2195841,28.966654
2586,-0.82179755,25.941086
2587,-1.1010535,-41.958527
2588,-24.267109,-25.892153
2589,-25.25445,-25.55963
2590,-49.981754,0.15163998
2591,5.434985,62.38807
2592,26.55395,4.3998275
2593,33.82465,-22.439339
2594,-6.3390083,-1.809385
2595,-26.16389,-26.142439
2596,25.804869,-23.282007
2597,3.4647214,-43.68496
2598,-31.891666,25.26709
2599,-5.8139615,-4.985324
2600,-48.43217,-3.2988908
2601,28.186129,-19.780113
2602,-22.222057,-23.914742
2603,27.680315,2.5408936
2604,0.29118505,-42.083668
2605,0.7126062,-42.226807
2606,22.926565,-22.083483
2607,-23.592812,-26.614567
2608,35.4965,26.63302
2609,-2.4324498,32.966137
2610,-32.411034,24.40546
2611,25.665407,1.1816669
2612,-45.49191,-3.2507906
2613,-51.72293,-2.6404042
2614,-30.937212,22.37964
2615,28.739683,-16.539507
2616,20.133656,-22.534288
2617,-1.4211528,-9.091453
2618,-23.25866,-51.490173
2619,-2.8312345,21.11448
2620,34.710968,30.428856
2621,-22.602383,-26.071198
2622,-44.22178,-5.7546167
2623,-34.787514,23.542599
2624,-7.01013,-0.9326202
2625,27.269829,6.0382805
2626,33.877094,27.665659
2627,9.592338,60.882633
2628,27.043211,-17.872953
2629,21.678476,-23.18281
2630,-4.2885838,-4.356375
2631,1.687928,22.414684
2632,24.308405,8.105636
2633,-32.39312,25.825808
2634,23.684608,-20.617659
2635,-0.4144148,-37.652645
2636,25.369446,3.956685
2637,4.0526986,29.643631
2638,-22.877363,-22.837627
2639,21.922688,7.1016865
2640,27.768183,-16.934917
2641,27.488567,-23.85479
2642,43.646717,23.807636
2643,26.941471,-18.208979
2644,-22.996256,-24.074062
2645,9.373786,58.364426
2646,7.2490396,21.667372
2647,-3.7725534,20.67715
2648,-22.139036,-24.231298
2649,52.066025,1.7827914
2650,-22.863533,-52.3208
2651,-47.711823,3.2942927
2652,21.104366,-20.683264
2653,30.726332,37.43857
2654,43.260933,23.762701
2655,-9.341485,-0.8844351
2656,-47.535995,-4.2119446
2657,25.215733,-22.43833
2658,-3.6891112,34.8099
2659,-7.9078274,2.6181889
2660,52.724586,1.1956786
2661,35.140068,29.538538
2662,8.776824,61.40309
2663,30.043276,1.8145609
2664,2.1604528,-43.44508
2665,-2.9185061,21.967264
2666,-7.444768,30.575418
2667,53.405613,0.93384635
2668,21.61359,5.47361
2669,-3.0847025,33.474598
2670,36.679924,27.912107
2671,27.945795,-14.318131
2672,-24.993322,-26.5867
2673,-52.521248,-0.82104355
2674,-3.6955438,18.970375
2675,27.027,6.6146874
2676,6.2417035,59.489246
2677,-6.595398,29.94954
2678,21.891853,7.257322
2679,-3.4107766,20.980495
2680,1.2421812,-41.78733
2681,-2.644694,-45.170666
2682,-4.491562,-10.582468
2683,20.202423,-20.561588
2684,29.013805,-22.409216
2685,29.72308,-21.376728
2686,-45.68101,-4.4961867
2687,37.201283,29.475409
2688,-53.514782,-1.9638435
2689,-9.549636,-6.092786
2690,-5.7560167,-8.028824
2691,-2.6130245,18.09163
2692,-0.32479045,34.107105
2693,24.28534,-20.052338
2694,-34.10921,26.522062
2695,-7.8863506,27.52048
2696,-1.9705673,19.898853
2697,-49.120052,-2.0388787
2698,3.7359028,24.630692
2699,22.314285,-20.426796
2700,35.905144,26.797482
2701,-6.2027164,28.10036
2702,-6.746386,21.949022
2703,28.69623,-16.962677
2704,30.1693,36.822495
2705,-47.777267,-0.09983371
2706,30.006073,37.23257
2707,-47.04885,-1.2975551
2708,-2.3582888,26.854181
2709,24.266365,8.761381
2710,24.550507,6.6794305
2711,-5.624096,22.769043
2712,-3.8536556,-1.1946523
2713,-8.542287,-6.3204885
2714,-5.1570506,34.62964
2715,23.716698,-21.70087
2716,-2.0679166,-5.7270703
2717,-22.552155,-52.405277
2718,25.019949,7.2022166
2719,-30.750517,26.18629
2720,-32.06809,22.292757
2721,-3.2842343,-40.11324
2722,55.034306,0.49357253
2723,21.791807,5.4493256
2724,30.436565,-21.481571
2725,-46.669052,0.39525548
2726,24.074009,4.4094524
2727,-5.8258142,0.28101394
2728,-0.43259817,-39.99389
2729,2.246506,26.78185
2730,-2.8537765,-4.3969297
2731,-1.1920146,21.837744
2732,28.63567,-25.109512
2733,23.356403,0.4816447
2734,55.78406,0.65608835
2735,-1.4626797,-42.86392
2736,-49.56678,0.13033693
2737,25.483536,-25.529585
2738,28.759027,-23.504702
2739,3.1799932,25.441998
2740,0.790336,25.936531
2741,24.953144,-23.601286
2742,7.3289347,62.217926
2743,-23.03837,-51.78451
2744,-26.31962,-24.542093
2745,-2.105054,22.49517
